{"cameraMode":{"drawMode":0,"name":"Shaded","section":"Shading Mode"},"sceneLighting":true,"audioPlay":false,"sceneViewState":{"m_AlwaysRefresh":false,"showFog":true,"showSkybox":true,"showFlares":true,"showImageEffects":true,"showParticleSystems":true,"showVisualEffectGraphs":true,"m_FxEnabled":true},"in2DMode":false,"pivot":{"x":11.368345260620118,"y":18.623321533203126,"z":21.158849716186525},"rotation":{"x":-0.2986752390861511,"y":-0.5844322443008423,"z":0.24456463754177094,"w":-0.7137909531593323},"size":2.2458794116973879,"orthographic":false}