{"cameraMode":{"drawMode":0,"name":"Shaded","section":"Shading Mode"},"sceneLighting":false,"audioPlay":false,"sceneViewState":{"m_AlwaysRefresh":false,"showFog":true,"showSkybox":false,"showFlares":true,"showImageEffects":true,"showParticleSystems":true,"showVisualEffectGraphs":true,"m_FxEnabled":true},"in2DMode":false,"pivot":{"x":-13.09526252746582,"y":0.31728804111480715,"z":-6.107548713684082},"rotation":{"x":0.24393072724342347,"y":0.7409792542457581,"z":-0.34731176495552065,"w":0.5204276442527771},"size":1.9844900369644166,"orthographic":false}